"id","sex","grade","school","class_id","condition","status","respuesta_pregunta_1","tiempo_pregunta_1","respuesta_pregunta_2","tiempo_pregunta_2","respuesta_pregunta_3","tiempo_pregunta_3","respuesta_pregunta_4","tiempo_pregunta_4","respuesta_pregunta_5","tiempo_pregunta_5","respuesta_pregunta_6","tiempo_pregunta_6","respuesta_pregunta_7","tiempo_pregunta_7","respuesta_pregunta_8","tiempo_pregunta_8","respuesta_pregunta_9","tiempo_pregunta_9","respuesta_pregunta_10","tiempo_pregunta_10","respuesta_pregunta_11","tiempo_pregunta_11","respuesta_pregunta_12","tiempo_pregunta_12","respuesta_pregunta_13","tiempo_pregunta_13","respuesta_pregunta_14","tiempo_pregunta_14","respuesta_pregunta_15","tiempo_pregunta_15","respuesta_pregunta_16","tiempo_pregunta_16","respuesta_pregunta_17","tiempo_pregunta_17","respuesta_pregunta_18","tiempo_pregunta_18","respuesta_pregunta_19","tiempo_pregunta_19","respuesta_pregunta_20","tiempo_pregunta_20","respuesta_pregunta_21","tiempo_pregunta_21","respuesta_pregunta_22","tiempo_pregunta_22","respuesta_pregunta_23","tiempo_pregunta_23","respuesta_pregunta_24","tiempo_pregunta_24","dccs_tv_score","dccs_mean_acc","dccs_mean_rt"
"ctl501","M","fifth","school4","school4_fifth","control_1","participant",1,5138,1,2265,1,1015,1,2069,1,1312,1,1083,1,1394,1,1304,1,1125,1,1160,1,1610,1,847,1,1708,0,997,1,1603,1,1287,1,1992,1,2174,1,2382,1,1875,1,1989,1,1089,1,1864,1,2506,6.52844585037004,0.958333333333333,1773.52173913043
"ctl502","M","fifth","school4","school4_fifth","control_1","participant",1,1370,1,1171,1,1301,1,631,1,757,0,702,1,909,1,828,1,923,1,1017,1,747,1,991,1,1777,0,920,1,1385,1,1291,1,1089,1,1574,1,1951,1,1228,1,1241,1,1154,1,1097,1,1588,7.22888773522295,0.916666666666667,1182.72727272727
"ctl503","M","fifth","school4","school4_fifth","control_1","participant",1,3339,1,1291,1,3529,1,1648,1,1368,1,1228,1,1311,1,1193,1,1125,0,2516,1,1449,1,1395,1,3333,1,1559,1,2031,1,1091,0,846,1,2059,1,1171,1,730,1,1591,1,844,1,979,1,1274,6.83340063453467,0.916666666666667,1615.36363636364
"ctl504","M","fifth","school4","school4_fifth","control_1","participant",1,3667,1,2004,1,2393,1,5377,1,1314,1,1350,1,1465,1,630,1,191,1,766,1,2071,0,1378,1,2740,1,1338,1,692,1,807,1,1216,0,2485,1,1192,1,963,1,1156,1,695,1,1475,1,991,6.99308805018901,0.916666666666667,1567.86363636364
"ctl505","F","fifth","school4","school4_fifth","control_1","rejected",NA,NA,NA,NA,NA,NA,NA,NA,NA,NA,NA,NA,NA,NA,NA,NA,NA,NA,NA,NA,NA,NA,NA,NA,NA,NA,NA,NA,NA,NA,NA,NA,NA,NA,NA,NA,NA,NA,NA,NA,NA,NA,NA,NA,NA,NA,NA,NA,NA,NA,NA
"ctl506","F","fifth","school4","school4_fifth","control_1","participant",1,2442,1,3092,1,2155,1,2377,1,1098,1,1048,1,1057,1,999,1,4331,1,1278,1,1099,1,1115,1,4528,1,1982,1,1524,1,1405,1,1452,1,1237,1,1264,1,1155,1,1843,1,1215,1,1357,1,1036,7.2962800012137,1,1753.70833333333
"ctl507","M","fifth","school4","school4_fifth","control_1","participant",1,6523,1,2623,1,1795,1,667,1,513,1,655,1,517,1,494,1,564,0,509,1,1120,1,926,1,2052,1,1034,1,817,1,777,1,757,1,614,1,656,1,717,1,790,1,915,1,630,1,830,8.56150084498029,0.958333333333333,1173.30434782609
"ctl508","M","fifth","school4","school4_fifth","control_1","participant",1,3259,1,1430,1,968,1,942,1,843,1,982,1,959,1,1747,1,594,1,823,1,1025,1,863,1,1308,1,1173,1,1053,1,1007,1,964,1,636,1,2177,1,1202,1,790,1,2482,1,3265,1,621,8.08112636857421,1,1296.375
"ctl509","M","fifth","school4","school4_fifth","control_1","participant",1,2112,1,1833,1,1513,1,1369,1,1919,1,2893,1,1410,1,1160,1,1064,1,1578,1,1390,1,1147,1,2178,1,1852,1,1885,1,1850,1,3708,1,3241,1,2445,1,2136,1,1607,1,3050,1,1738,1,1176,6.36187875701694,1,1927.25
"ctl510","M","fifth","school4","school4_fifth","control_1","participant",1,1827,1,1284,1,903,1,924,1,973,1,1086,1,1014,1,1130,1,2035,1,1989,1,974,1,1054,0,1235,0,1004,1,1360,1,1258,1,1984,1,1136,1,1073,0,2734,1,769,1,1086,1,1189,1,1004,7.21051192168148,0.875,1240.57142857143
"ctl511","F","fifth","school4","school4_fifth","control_1","participant",1,4135,1,1239,1,1459,1,832,1,981,1,919,1,797,1,2242,1,1294,1,926,1,1047,1,857,1,2777,1,1294,1,1447,1,1489,1,2642,0,1440,1,1560,1,1936,1,1312,1,4793,1,823,0,2368,6.9104955580841,0.916666666666667,1672.77272727273
"ctl512","F","fifth","school4","school4_fifth","control_1","participant",1,29,1,1337,1,1407,1,1165,1,961,1,1078,1,1593,1,864,0,1401,1,1830,1,1419,1,1186,0,3004,1,1801,1,1504,1,982,1,1166,1,951,1,1067,1,1070,1,1065,1,1672,1,1218,1,1385,7.17303916168427,0.916666666666667,1272.42857142857
"ctl513","F","fifth","school4","school4_fifth","control_1","rejected",NA,NA,NA,NA,NA,NA,NA,NA,NA,NA,NA,NA,NA,NA,NA,NA,NA,NA,NA,NA,NA,NA,NA,NA,NA,NA,NA,NA,NA,NA,NA,NA,NA,NA,NA,NA,NA,NA,NA,NA,NA,NA,NA,NA,NA,NA,NA,NA,NA,NA,NA
"ctl514","M","fifth","school4","school4_fifth","control_1","participant",1,1891,1,1170,1,1526,1,1440,1,1027,1,1379,1,679,1,993,1,1373,1,767,1,900,0,598,0,264,0,1105,0,1044,1,1059,1,992,1,791,1,662,1,615,1,572,1,750,1,2347,1,1951,7.20463570355969,0.833333333333333,1144.2
"ctl515","M","fifth","school4","school4_fifth","control_1","rejected",NA,NA,NA,NA,NA,NA,NA,NA,NA,NA,NA,NA,NA,NA,NA,NA,NA,NA,NA,NA,NA,NA,NA,NA,NA,NA,NA,NA,NA,NA,NA,NA,NA,NA,NA,NA,NA,NA,NA,NA,NA,NA,NA,NA,NA,NA,NA,NA,NA,NA,NA
"ctl516","F","fifth","school4","school4_fifth","control_1","rejected",NA,NA,NA,NA,NA,NA,NA,NA,NA,NA,NA,NA,NA,NA,NA,NA,NA,NA,NA,NA,NA,NA,NA,NA,NA,NA,NA,NA,NA,NA,NA,NA,NA,NA,NA,NA,NA,NA,NA,NA,NA,NA,NA,NA,NA,NA,NA,NA,NA,NA,NA
"ctl517","M","fifth","school4","school4_fifth","control_1","rejected",NA,NA,NA,NA,NA,NA,NA,NA,NA,NA,NA,NA,NA,NA,NA,NA,NA,NA,NA,NA,NA,NA,NA,NA,NA,NA,NA,NA,NA,NA,NA,NA,NA,NA,NA,NA,NA,NA,NA,NA,NA,NA,NA,NA,NA,NA,NA,NA,NA,NA,NA
"ctl518","M","fifth","school4","school4_fifth","control_1","participant",1,1491,1,846,1,810,1,910,1,1014,1,1220,1,1521,1,2488,1,1051,1,1066,1,1360,1,1044,1,1943,1,1044,1,821,1,1149,1,985,1,744,1,1055,1,1083,1,1236,0,2613,1,3430,1,8983,7.67904909911514,0.958333333333333,1621.47826086957
"ctl519","M","fifth","school4","school4_fifth","control_1","participant",1,6877,1,2566,1,3256,1,3795,1,1466,1,1409,1,1893,1,6368,1,1364,1,6690,1,2370,0,5486,0,4440,0,3096,1,7968,0,6330,1,7320,0,4824,1,4906,1,3927,0,7050,1,2801,1,2288,1,2104,3.75,0.75,3853.77777777778
"ctl520","F","fifth","school4","school4_fifth","control_1","participant",1,3176,1,1322,1,1488,1,1741,0,1394,1,2927,1,1474,1,2151,1,1324,1,1756,1,1496,1,1777,1,2570,1,1184,1,2155,1,1440,1,1140,1,1031,1,1042,1,1038,1,1016,1,996,1,1133,1,1476,6.77472440155094,0.958333333333333,1602.30434782609
"ctl521","M","fifth","school4","school4_fifth","control_1","participant",1,1115,1,751,1,835,1,1001,1,942,1,1170,1,1030,1,852,1,883,1,783,1,744,1,874,1,1153,1,777,1,768,1,879,0,835,1,1954,1,1336,1,1663,1,822,1,1090,1,971,1,920,8.09008344053309,0.958333333333333,1013.60869565217
"ctl522","M","fifth","school4","school4_fifth","control_1","participant",1,5142,1,2023,1,1808,1,2577,1,2315,1,2199,1,2977,1,1163,1,1264,1,2856,1,1532,0,1071,1,3001,1,3634,1,1856,1,1201,1,1335,1,1479,1,875,0,2347,1,1086,0,1403,0,925,1,1429,5.54297869650809,0.833333333333333,2087.6
"ctl523","F","fifth","school4","school4_fifth","control_1","participant",1,4911,1,2573,1,2462,1,1616,1,1728,1,1669,1,1471,1,1415,1,1776,1,1476,1,1425,1,1253,1,2204,1,1734,1,1692,1,2195,1,2338,1,1712,1,1232,1,1447,1,1539,1,1169,1,1235,1,1517,6.6810091634426,1,1824.54166666667
"ctl524","M","fifth","school4","school4_fifth","control_1","participant",1,2312,1,3421,1,4139,1,5525,1,1645,1,1719,1,1486,1,1948,1,1655,1,1840,1,1592,1,1270,0,1993,0,1490,1,942,0,895,0,1999,1,1675,1,1737,1,2678,1,1954,1,1392,1,1581,1,1380,5.75658515796251,0.833333333333333,2094.55
"ctl525","M","fifth","school4","school4_fifth","control_1","participant",1,3900,1,7871,1,1812,1,1382,1,1175,1,1160,1,872,1,1270,0,945,1,2436,1,1441,1,1242,1,1816,1,1458,1,1128,1,1504,1,1697,1,1430,1,962,1,1336,1,863,1,1584,0,2167,1,1536,6.64024744694115,0.916666666666667,1812.5
"ctlk01","F","kinder","school4","school4_kinder","control_1","rejected",NA,NA,NA,NA,NA,NA,NA,NA,NA,NA,NA,NA,NA,NA,NA,NA,NA,NA,NA,NA,NA,NA,NA,NA,NA,NA,NA,NA,NA,NA,NA,NA,NA,NA,NA,NA,NA,NA,NA,NA,NA,NA,NA,NA,NA,NA,NA,NA,NA,NA,NA
"ctlk02","F","kinder","school4","school4_kinder","control_1","participant",1,2301,1,2367,1,5207,0,1704,1,3830,1,2156,1,1572,1,1257,1,1063,1,1989,0,1182,1,2276,1,4553,0,1752,1,2588,1,1560,1,2834,1,2444,1,1537,1,1765,1,1688,1,1130,1,2610,1,1809,5.29688053501313,0.875,2311.2380952381
"ctlk03","M","kinder","school4","school4_kinder","control_1","participant",1,4959,1,3525,1,2370,1,2496,1,1884,1,1586,1,1999,1,2467,1,2719,1,1646,1,1480,1,4515,1,5093,1,3667,1,2372,1,2360,1,1858,1,2332,1,1734,1,3637,1,7151,1,1627,1,1458,1,2227,5.66368915808404,1,2798.41666666667
"ctlk04","F","kinder","school4","school4_kinder","control_1","participant",1,2351,1,1417,1,1463,1,1500,1,1255,1,2308,0,3274,1,1754,1,1443,1,1473,1,1095,1,1995,1,1595,1,2896,1,1346,1,1021,1,1407,1,2371,1,2072,1,1579,1,2194,1,1122,1,1086,1,1276,6.77661822797772,0.958333333333333,1653
"ctlk05","F","kinder","school4","school4_kinder","control_1","participant",1,3095,1,21054,1,3127,1,1520,1,1430,1,1936,1,1090,1,1162,1,1203,1,2081,1,1167,1,895,1,3128,0,1813,1,3240,0,1947,1,3829,1,2427,1,1257,1,1326,1,1309,1,981,1,1324,1,2457,6.65095975619106,0.916666666666667,1904
"ctlk06","M","kinder","school4","school4_kinder","control_1","participant",0,7276,1,3860,1,4243,0,6796,1,2346,1,47211,1,8142,1,2541,1,2285,1,2388,1,1883,1,10263,0,6050,0,7021,1,4651,0,3286,0,3754,0,1357,0,1592,1,889,0,3632,1,9337,1,1153,1,5804,3.125,0.625,3809.38461538462
"ctlk07","M","kinder","school4","school4_kinder","control_1","participant",1,2658,1,7259,1,3025,1,1700,1,1192,1,1351,1,1704,1,1537,1,1419,1,1395,1,1884,1,2049,1,3932,0,2289,1,3866,1,5037,1,2961,1,4554,1,2895,1,2298,1,2871,1,1623,1,2052,1,3529,5.53555309176923,0.958333333333333,2730.04347826087
"ctlk08","M","kinder","school4","school4_kinder","control_1","participant",1,2219,1,6421,1,1598,1,5747,1,5940,1,9000,1,9519,1,11950,1,5915,1,5583,1,3785,1,6549,1,14131,1,6402,1,5002,1,5258,1,3514,1,16632,1,3488,1,4663,1,8715,1,10469,1,10365,1,15582,5,1,5517.66666666667
"ctlk09","M","kinder","school4","school4_kinder","control_1","participant",1,2048,1,4064,1,5084,1,1829,1,3846,1,1241,1,1665,0,1382,1,2167,1,1908,1,976,1,966,0,2824,0,2383,1,1935,0,1139,1,1285,1,967,1,992,1,1166,0,1245,1,1825,1,1179,1,1689,3.95833333333333,0.791666666666667,1938.52631578947
"ctlk10","M","kinder","school4","school4_kinder","control_1","participant",1,2814,1,2007,1,2217,1,1814,1,1762,1,1665,1,3379,1,2499,1,1796,1,2039,1,2165,1,1457,1,2921,1,2862,1,2898,1,2350,0,2877,1,5409,1,2827,1,2719,1,1368,1,1627,1,1748,1,1748,5.70192257103253,0.958333333333333,2351.78260869565
"ctlk11","M","kinder","school4","school4_kinder","control_1","participant",0,4336,1,3611,1,2780,1,1892,1,2669,1,1888,1,2190,1,1376,1,2049,1,1618,1,2507,1,2818,1,4637,1,4295,1,2521,1,2451,1,2177,1,1764,1,2236,1,1972,1,1666,1,2141,1,2389,1,2049,5.66988372159114,0.958333333333333,2421.5652173913
"ctlk12","M","kinder","school4","school4_kinder","control_1","participant",1,2102,1,2084,1,1434,1,2782,1,2345,1,2635,1,3219,1,2241,1,1522,1,1860,1,1268,1,2082,0,3304,0,2644,0,1182,0,1430,1,1213,1,3053,1,4530,1,1699,1,1701,1,1563,0,2442,1,1670,3.95833333333333,0.791666666666667,2158.05263157895
"ctlk13","F","kinder","school4","school4_kinder","control_1","participant",1,4490,1,3175,1,3701,1,2531,1,2901,1,2492,1,1690,1,2155,1,1530,1,2395,1,2009,1,1873,1,7268,1,4418,1,3015,1,4401,1,2568,1,3063,1,4198,1,2459,1,3236,1,3274,1,2767,1,2495,5.15884706730236,1,3087.66666666667
"ctlk14","M","kinder","school4","school4_kinder","control_1","participant",1,4748,1,3297,1,2239,1,1864,0,2861,1,2624,1,2130,1,2364,1,3307,1,2716,1,4217,1,1925,1,4861,1,3793,1,1531,1,3570,1,2008,1,2354,1,1614,1,1559,0,5435,1,7017,1,2671,1,1243,5.09881670200739,0.916666666666667,2893.27272727273
"ctlk15","M","kinder","school4","school4_kinder","control_1","participant",1,3566,1,3362,1,2575,1,2484,1,2092,1,1932,1,2307,1,1930,1,1577,1,1647,1,2145,1,841,0,2221,1,6331,1,1837,1,7771,1,2098,1,2125,1,7128,1,2176,1,1397,1,1447,1,1259,1,2094,5.78964598486187,0.958333333333333,2700.91304347826
"ctlk16","F","kinder","school4","school4_kinder","control_1","participant",1,5085,1,4948,1,1431,1,1212,1,2095,1,1447,1,1809,1,2277,1,1385,1,1816,1,2466,1,4076,1,3760,1,1692,1,1259,1,1482,1,1629,1,4241,1,5376,1,1621,1,1441,1,1155,1,5089,1,3359,6.40617418123236,1,2589.625
"ctlk17","F","kinder","school4","school4_kinder","control_1","participant",1,3098,1,2519,1,1326,1,2456,1,1735,1,2984,1,1338,1,1273,1,2550,1,1583,1,1283,1,1183,1,3256,1,1808,1,2888,1,2122,1,3177,1,2600,1,1891,1,2089,1,2956,1,5260,1,6103,1,2311,5.64194524141255,1,2491.20833333333
"ctlk18","M","kinder","school4","school4_kinder","control_1","participant",0,2541,1,2947,1,1945,1,1510,1,2070,1,1611,1,2847,1,1916,1,1227,1,1751,1,1547,1,1172,1,3122,0,1407,0,935,0,2277,0,1835,1,4271,0,1359,0,2226,1,1185,1,1728,1,952,1,1684,3.54166666666667,0.708333333333333,1969.70588235294
"ctl2k01","M","kinder","school5","school5_kinder","control_2","participant",1,7255,1,2347,1,4445,1,1593,1,1742,1,1064,1,918,1,2555,1,885,1,518,0,483,1,1431,1,1929,1,1422,1,1901,1,842,1,2873,1,1262,1,1029,0,767,1,1554,1,1084,1,1008,1,784,6.65779815342709,0.916666666666667,1838.22727272727
"ctl2k02","M","kinder","school5","school5_kinder","control_2","participant",1,3201,1,2945,1,1618,1,1372,1,4414,1,1544,1,3864,1,1466,1,2040,1,1118,1,2054,1,1114,1,8990,1,2782,1,2093,1,2986,1,3419,1,1578,1,2317,1,1525,1,1932,1,2601,1,1103,1,1682,6.06665260754457,1,2489.91666666667
"ctl2k03","F","kinder","school5","school5_kinder","control_2","participant",1,3468,1,2008,1,1784,1,2241,1,2102,1,2481,1,1268,1,2277,1,1798,1,1994,1,3726,1,1141,1,2492,1,1511,1,2853,1,9472,1,7447,1,3444,1,2429,1,2214,1,2485,1,1884,1,1238,1,3074,5.79165216105839,1,2784.625
"ctl2k04","M","kinder","school5","school5_kinder","control_2","participant",1,1645,1,2787,1,1451,1,1737,1,1686,1,2145,1,1621,1,1771,1,1497,1,1496,1,1034,1,1357,0,4102,0,3790,0,1600,0,1185,1,9826,1,1692,1,1335,1,1360,0,1174,0,880,1,1152,1,1248,3.75,0.75,2046.66666666667
"ctl2k05","M","kinder","school5","school5_kinder","control_2","participant",1,5915,0,2396,1,6561,1,1386,1,1602,1,1604,1,1604,1,1546,1,1426,1,2216,1,2588,1,1431,1,3938,1,1571,1,1473,1,1284,1,1560,1,1830,1,1854,1,1581,1,3065,1,1550,1,1547,1,1875,6.5423465173841,0.958333333333333,2217.69565217391
"ctl2k06","F","kinder","school5","school5_kinder","control_2","participant",0,9635,1,3124,1,1953,1,1949,1,1445,1,2705,1,5003,1,2146,1,1275,1,1042,1,1905,1,1519,1,1539,1,1888,1,1598,1,1468,1,1659,1,1956,1,4367,1,1397,1,1773,1,1472,1,2234,1,1732,6.25932812069719,0.958333333333333,2049.95652173913
"ctl2k07","M","kinder","school5","school5_kinder","control_2","participant",1,5301,1,5026,1,3761,1,3004,1,4659,1,2620,1,3291,1,2562,1,3094,1,2505,1,2128,1,2066,1,2622,1,2228,1,2233,1,2233,1,3155,1,1998,1,1732,1,2077,0,1873,1,2319,1,2778,1,1943,5.23208316202796,0.958333333333333,2840.65217391304
"ctl2k08","F","kinder","school5","school5_kinder","control_2","participant",1,3934,1,3240,1,1213,1,880,1,938,1,13069,1,2553,1,1245,1,1491,1,1865,1,1619,1,1471,1,2231,1,2078,1,2122,1,1883,1,1410,1,1424,1,1227,0,2166,0,2188,1,2159,1,2020,1,894,6.30455659059997,0.916666666666667,1804.61904761905
"ctl2k09","F","kinder","school5","school5_kinder","control_2","participant",1,2063,1,2135,1,3706,1,1836,1,1739,1,1759,1,1258,1,2033,1,1457,1,1451,1,1403,1,1823,1,1921,1,1287,1,1358,1,2965,1,2272,1,1471,1,1803,1,2388,0,1939,0,3474,1,2344,1,1126,5.98873781296579,0.916666666666667,1890.81818181818
"ctl2k10","M","kinder","school5","school5_kinder","control_2","participant",1,4293,1,3829,1,3729,1,2839,1,2891,1,1627,1,1729,1,2893,1,2938,1,2922,1,2019,1,2853,1,1937,1,2938,0,2394,0,2039,0,2938,1,2984,0,2039,1,5392,1,4932,1,2923,0,2103,0,1538,3.75,0.75,3092.66666666667
"ctl2k11","M","kinder","school5","school5_kinder","control_2","participant",1,5460,1,6837,1,15287,1,15221,1,13602,1,20456,1,5421,1,2777,1,4453,1,12294,1,6961,1,4332,1,13738,1,6214,0,294,1,3034,1,1656,1,3573,1,13566,0,11046,1,2100,1,9181,1,871,1,5170,4.58333333333333,0.916666666666667,4536
"ctl2k12","F","kinder","school5","school5_kinder","control_2","participant",1,3869,1,2977,1,1613,1,1799,1,1381,1,3717,1,2840,1,8922,1,2792,1,2179,1,1708,1,1892,1,7171,1,2032,1,1647,1,1581,1,1613,1,1877,1,1775,1,2105,1,1629,1,1343,1,2123,1,1921,6.26507825447113,1,2604.41666666667
"ctl2k13","F","kinder","school5","school5_kinder","control_2","drop-out",1,4032,1,3948,1,5332,1,3048,1,4922,1,3998,1,2348,1,3842,1,4392,1,3972,1,3871,1,3719,1,3121,1,2833,1,3942,1,2943,1,2647,1,1432,0,2321,0,2347,1,4392,1,5196,1,4914,0,2012,4.375,0.875,3754.47619047619
"ctl2k14","F","kinder","school5","school5_kinder","control_2","participant",1,2599,1,3260,1,2078,1,1448,1,1590,1,2313,1,1953,1,2252,1,2793,1,1630,1,1990,1,6228,1,2249,1,1676,1,2278,1,1797,1,1952,1,1829,1,3803,1,1217,1,2027,1,1687,1,1764,1,1819,6.17152335886199,1,2259.66666666667
"ctl2k15","M","kinder","school5","school5_kinder","control_2","participant",1,2190,1,1755,0,1113,1,575,1,1125,1,1461,1,1365,1,1188,1,1476,1,751,1,1510,1,856,1,2739,1,1308,1,950,1,1150,1,898,1,1088,1,910,0,1052,1,8,1,1096,1,1218,1,1371,7.1683373018815,0.916666666666667,1284.7619047619
"dig501","M","fifth","school2","school2_fifth","digital","participant",1,1166,1,1164,1,909,1,817,1,1195,1,2035,1,863,1,1082,1,1202,1,2542,1,1026,1,765,1,1199,1,1101,1,927,1,767,1,645,1,680,1,868,1,690,1,732,1,918,1,735,1,564,8.31820261662822,1,1024.66666666667
"dig502","M","fifth","school2","school2_fifth","digital","drop-out",1,2442,1,3092,1,2155,1,2377,1,1098,1,1048,1,1057,1,999,1,4331,1,1278,1,1099,1,1115,1,4528,1,1982,1,1524,1,1405,1,1452,1,1237,1,1264,1,1155,1,1843,1,1215,1,1357,1,1036,7.2962800012137,1,1753.70833333333
"dig503","F","fifth","school2","school2_fifth","digital","participant",1,3208,1,1953,1,2484,1,2493,1,1568,1,1576,1,1905,1,1324,1,2308,1,2796,1,2195,1,1806,1,1697,1,1349,1,1844,1,2957,1,2887,1,2222,1,1727,1,2315,1,2421,1,2478,1,1280,1,2470,5.85474289901654,1,2135.95833333333
"dig504","M","fifth","school2","school2_fifth","digital","participant",1,4714,1,5015,1,3009,1,1036,1,810,1,3261,1,2253,1,1747,1,1089,1,1682,1,1105,1,1214,1,2721,1,1637,1,2122,1,1062,1,2288,1,955,1,787,1,909,1,885,1,695,1,798,1,771,7.65276513751095,1,1773.54166666667
"dig505","M","fifth","school2","school2_fifth","digital","participant",1,4632,1,3842,1,4892,1,3274,1,2938,1,3849,1,2734,1,1834,1,1934,1,1649,1,1842,1,2021,1,1983,1,1728,0,1739,0,1038,1,1749,0,1739,0,1093,1,2937,1,1836,1,1364,1,1743,1,1834,5.35665176753537,0.833333333333333,2530.75
"dig506","F","fifth","school2","school2_fifth","digital","participant",1,1947,1,2789,1,1389,1,1630,1,1337,1,1602,1,1176,1,1145,1,1207,1,1152,1,1073,1,1275,1,2063,1,1246,1,1248,1,1521,1,1851,1,2084,1,1155,1,1263,1,1486,1,1434,1,1146,1,1579,7.20153471909264,1,1491.58333333333
"dig507","M","fifth","school2","school2_fifth","digital","participant",1,1370,1,1447,1,903,1,1243,1,861,1,948,1,767,1,889,1,720,1,690,1,835,1,725,1,1409,1,2404,1,1425,1,1065,1,1726,0,1357,1,1316,1,939,1,976,1,1061,1,1311,1,1055,7.70799427561277,0.958333333333333,1134.13043478261
"dig508","M","fifth","school2","school2_fifth","digital","participant",1,2362,1,1787,1,1095,1,1047,1,1452,1,1038,1,848,1,962,1,1498,1,1364,1,1180,1,910,1,2257,1,805,1,1217,1,1116,1,1194,1,1133,1,1062,1,990,1,895,1,803,0,985,1,1323,7.55113701325014,0.958333333333333,1232.08695652174
"dig509","F","fifth","school2","school2_fifth","digital","participant",0,3113,1,1816,1,3571,1,9601,1,4334,1,1518,1,1622,1,1132,1,835,1,1215,1,827,1,945,1,1546,1,768,1,1058,1,1100,1,935,1,1552,1,1210,1,907,1,962,1,811,1,937,1,1021,7.59143450965744,0.958333333333333,1748.82608695652
"dig510","F","fifth","school2","school2_fifth","digital","participant",1,5149,1,1231,1,1244,1,1920,1,1670,1,1202,1,1768,1,1440,1,1807,1,1492,1,1315,1,1406,1,2932,1,1729,1,1477,1,1793,1,1335,1,1653,1,1582,1,1454,1,1288,0,2488,1,2021,1,1141,6.7408534824268,0.958333333333333,1741.26086956522
"dig511","M","fifth","school2","school2_fifth","digital","rejected",NA,NA,NA,NA,NA,NA,NA,NA,NA,NA,NA,NA,NA,NA,NA,NA,NA,NA,NA,NA,NA,NA,NA,NA,NA,NA,NA,NA,NA,NA,NA,NA,NA,NA,NA,NA,NA,NA,NA,NA,NA,NA,NA,NA,NA,NA,NA,NA,NA,NA,NA
"dig512","F","fifth","school2","school2_fifth","digital","participant",1,1674,1,2075,1,2317,1,1448,1,1202,1,1248,1,1168,1,1105,1,1181,1,1142,1,1454,1,1012,1,1337,1,1341,1,1079,1,1263,1,1288,1,1268,1,1421,1,1409,1,1105,1,1120,1,1036,1,1053,7.43079052744701,1,1322.75
"dig513","F","fifth","school2","school2_fifth","digital","participant",1,1566,1,2431,1,1262,1,1545,1,1443,1,1067,1,1019,1,1083,1,1302,1,1304,1,1015,1,1178,1,1727,1,1177,1,1549,1,1424,1,1667,1,1634,1,1687,1,2620,1,1688,1,1508,1,1425,1,1146,7.0598315766365,1,1477.79166666667
"dig514","F","fifth","school2","school2_fifth","digital","participant",1,3051,1,2229,1,2707,1,1671,1,1383,1,1553,1,1502,1,1502,1,1670,1,1701,1,1753,1,1903,1,4182,1,1769,1,1835,1,3337,1,2370,1,2339,1,1400,1,4025,1,2856,1,3573,1,5511,1,1322,6.32051418820897,1,2381
"dig515","M","fifth","school2","school2_fifth","digital","rejected",NA,NA,NA,NA,NA,NA,NA,NA,NA,NA,NA,NA,NA,NA,NA,NA,NA,NA,NA,NA,NA,NA,NA,NA,NA,NA,NA,NA,NA,NA,NA,NA,NA,NA,NA,NA,NA,NA,NA,NA,NA,NA,NA,NA,NA,NA,NA,NA,NA,NA,NA
"dig516","M","fifth","school2","school2_fifth","digital","participant",1,1892,1,2213,0,1092,1,1672,1,1638,1,1083,1,1328,1,1021,1,1087,1,983,1,873,1,1090,1,1052,1,1132,1,1742,0,1032,1,2093,1,1739,1,1398,1,1072,1,1356,1,1763,1,1348,1,1842,6.80748039306876,0.916666666666667,1428.04545454545
"dig517","M","fifth","school2","school2_fifth","digital","participant",1,1606,1,1775,1,1105,1,959,1,574,1,658,1,713,1,856,1,726,1,825,1,921,1,947,1,1673,1,956,1,873,0,1096,1,1216,1,1179,1,834,1,853,1,802,1,678,1,723,1,747,8.29129151321152,0.958333333333333,965.173913043478
"dig518","M","fifth","school2","school2_fifth","digital","participant",1,1938,1,1938,1,1746,1,1937,1,1039,1,1348,1,1562,1,1830,1,1938,1,1972,1,1063,1,1422,1,1209,0,1024,1,1248,0,1093,0,1004,1,1432,1,965,1,1602,1,1529,1,1532,1,1621,1,1241,6.25035835275715,0.875,1529.14285714286
"dig519","M","fifth","school2","school2_fifth","digital","rejected",NA,NA,NA,NA,NA,NA,NA,NA,NA,NA,NA,NA,NA,NA,NA,NA,NA,NA,NA,NA,NA,NA,NA,NA,NA,NA,NA,NA,NA,NA,NA,NA,NA,NA,NA,NA,NA,NA,NA,NA,NA,NA,NA,NA,NA,NA,NA,NA,NA,NA,NA
"dig520","M","fifth","school2","school2_fifth","digital","participant",1,2271,1,1905,1,1671,1,1419,1,1758,1,2046,1,1584,1,1298,1,1530,1,1519,1,1770,1,1646,1,2988,1,1250,1,1519,1,1615,1,1197,1,1218,1,1212,1,1919,1,2282,1,1249,1,3095,1,1697,6.70147160624066,1,1735.75
"dig521","M","fifth","school2","school2_fifth","digital","participant",1,3074,1,2875,1,3269,1,1478,1,1603,1,2001,1,3177,1,1798,1,1930,1,1908,1,1577,1,1771,1,2291,1,1256,1,1632,1,1214,1,1271,1,1544,1,1573,1,1858,1,1652,1,1361,1,1198,1,1297,6.68185877621602,1,1858.66666666667
"dig522","M","fifth","school2","school2_fifth","digital","participant",1,2673,1,1664,1,1332,1,1082,1,837,1,659,1,1290,1,919,1,897,0,1097,1,920,1,1075,1,2313,1,712,1,1444,1,1025,1,810,1,966,1,804,1,1118,1,679,1,528,1,604,1,609,8.09008344053309,0.958333333333333,1085.21739130435
"dig523","M","fifth","school2","school2_fifth","digital","participant",1,1480,1,1238,1,1062,1,1890,1,1093,1,974,1,799,1,1050,1,1107,1,1085,1,1034,1,1075,1,1851,1,815,1,1136,1,1775,1,1211,1,1236,1,1000,1,999,1,2024,1,1443,1,976,1,866,7.82781383919201,1,1217.45833333333
"dig524","F","fifth","school2","school2_fifth","digital","participant",1,4327,0,1048,1,2560,1,1537,1,1391,1,1582,1,1229,1,1179,1,1253,1,1091,1,1279,1,1166,1,1842,1,1680,1,1515,1,1671,1,1268,1,1214,1,1759,1,1265,1,1521,1,1920,1,1366,1,1257,6.93645615690426,0.958333333333333,1603.13043478261
"dig525","F","fifth","school2","school2_fifth","digital","rejected",NA,NA,NA,NA,NA,NA,NA,NA,NA,NA,NA,NA,NA,NA,NA,NA,NA,NA,NA,NA,NA,NA,NA,NA,NA,NA,NA,NA,NA,NA,NA,NA,NA,NA,NA,NA,NA,NA,NA,NA,NA,NA,NA,NA,NA,NA,NA,NA,NA,NA,NA
"dig526","M","fifth","school2","school2_fifth","digital","participant",1,3849,1,2945,1,2067,1,1852,1,1978,1,1921,1,1791,1,1821,1,1310,1,1611,1,1482,1,1397,1,1462,1,1983,0,1276,1,2092,1,1942,1,1710,1,2311,1,1753,1,1843,1,1431,1,1187,1,1863,6.15127329453155,0.958333333333333,1895.69565217391
"dig527","M","fifth","school2","school2_fifth","digital","participant",1,2286,1,3761,1,1256,1,1050,1,1008,1,996,1,2243,1,944,1,959,0,995,1,1540,1,1147,1,1594,1,1561,1,1253,1,1373,1,1052,1,937,1,1270,1,1907,0,1446,1,1350,1,1784,1,2780,6.89554422348152,0.916666666666667,1547.77272727273
"dig528","F","fifth","school2","school2_fifth","digital","rejected",NA,NA,NA,NA,NA,NA,NA,NA,NA,NA,NA,NA,NA,NA,NA,NA,NA,NA,NA,NA,NA,NA,NA,NA,NA,NA,NA,NA,NA,NA,NA,NA,NA,NA,NA,NA,NA,NA,NA,NA,NA,NA,NA,NA,NA,NA,NA,NA,NA,NA,NA
"dig529","M","fifth","school2","school2_fifth","digital","participant",1,1088,1,861,1,750,1,757,1,775,1,876,0,966,1,946,1,636,1,768,1,832,1,1086,1,2055,1,1038,1,880,1,1226,1,910,1,1092,1,1030,1,981,1,777,1,869,1,772,1,961,8.21412844583166,0.958333333333333,955.04347826087
"dig530","F","fifth","school2","school2_fifth","digital","participant",1,1343,1,1894,1,1283,1,1874,1,1414,1,3109,1,1569,1,1604,1,3039,1,2189,1,1334,1,1686,1,2169,1,1800,1,3476,1,2070,1,2107,1,3407,0,3189,0,2520,0,1887,1,2654,0,1990,1,3505,5.32336727263276,0.833333333333333,2176.3
"dig531","F","fifth","school2","school2_fifth","digital","rejected",NA,NA,NA,NA,NA,NA,NA,NA,NA,NA,NA,NA,NA,NA,NA,NA,NA,NA,NA,NA,NA,NA,NA,NA,NA,NA,NA,NA,NA,NA,NA,NA,NA,NA,NA,NA,NA,NA,NA,NA,NA,NA,NA,NA,NA,NA,NA,NA,NA,NA,NA
"dig532","M","fifth","school2","school2_fifth","digital","rejected",NA,NA,NA,NA,NA,NA,NA,NA,NA,NA,NA,NA,NA,NA,NA,NA,NA,NA,NA,NA,NA,NA,NA,NA,NA,NA,NA,NA,NA,NA,NA,NA,NA,NA,NA,NA,NA,NA,NA,NA,NA,NA,NA,NA,NA,NA,NA,NA,NA,NA,NA
"dig533","M","fifth","school2","school2_fifth","digital","participant",1,2695,1,1345,1,1030,1,840,1,842,1,809,1,1131,1,925,1,1071,1,1094,1,720,1,710,1,2289,1,1091,1,897,1,1273,1,925,1,749,1,1273,1,847,1,894,1,853,1,819,1,822,8.32585006765379,1,1081
"dig534","F","fifth","school2","school2_fifth","digital","drop-out",1,2682,1,1917,1,11095,1,1689,1,1779,1,2108,1,2807,1,869,1,825,1,1220,1,1544,1,1396,1,4694,1,1965,1,2382,1,1739,1,1758,1,1520,1,1287,1,1281,1,1049,1,1116,1,1049,1,1827,6.60310482715057,1,1761
"digk01","M","kinder","school2","school2_kinder","digital","participant",1,3063,1,1259,1,1660,1,873,1,3052,1,2431,1,4177,1,3907,1,1448,1,2835,1,2782,1,3994,1,3204,1,3717,1,2812,1,3598,1,1375,1,1588,1,1978,1,1406,1,1279,0,2052,1,3449,1,2301,5.00219212073155,0.958333333333333,2529.91304347826
"digk02","F","kinder","school2","school2_kinder","digital","participant",1,3250,1,1183,1,10812,1,1193,1,1604,1,1596,1,1594,1,1712,1,2492,1,2047,1,1511,1,1594,1,2041,1,1109,1,1495,1,1409,1,1185,1,1498,1,2261,1,1308,1,1313,1,1680,1,1051,1,1191,6.91387464990764,1,1622.47826086957
"digk03","F","kinder","school2","school2_kinder","digital","atypical",1,4087,1,6852,1,5266,1,5846,1,5628,1,4376,1,5612,1,6743,1,6168,1,5415,1,5142,1,4133,1,4646,1,20551,1,15942,1,6968,1,6419,1,9026,1,6542,1,8120,1,4977,1,12018,1,7013,1,6903,5,1,5994.38095238095
"digk04","M","kinder","school2","school2_kinder","digital","participant",1,6195,1,2523,1,3584,1,4687,1,1827,1,1716,1,1939,1,4555,1,2302,1,5199,1,1896,1,1868,1,2528,1,1677,1,1896,0,2022,1,4158,1,1788,1,1359,1,3681,1,2750,1,3965,1,2711,1,7466,5.2693641905906,0.958333333333333,3142.17391304348
"digk05","F","kinder","school2","school2_kinder","digital","participant",1,2288,1,2515,1,1980,1,3009,1,1791,1,2182,1,1694,1,2651,1,1506,1,1673,1,3084,1,1913,1,1936,1,6509,1,2720,1,1525,1,3050,1,1813,1,9714,1,962,1,1162,1,1366,1,7763,1,1814,6.19069761284315,1,2775.83333333333
"digk06","F","kinder","school2","school2_kinder","digital","rejected",NA,NA,NA,NA,NA,NA,NA,NA,NA,NA,NA,NA,NA,NA,NA,NA,NA,NA,NA,NA,NA,NA,NA,NA,NA,NA,NA,NA,NA,NA,NA,NA,NA,NA,NA,NA,NA,NA,NA,NA,NA,NA,NA,NA,NA,NA,NA,NA,NA,NA,NA
"digk07","M","kinder","school2","school2_kinder","digital","participant",1,9805,0,3768,1,2061,0,1146,1,1558,1,3649,1,2570,1,2468,0,1146,1,1621,1,1332,1,2156,1,2894,1,1288,1,2502,0,1056,0,1821,1,1069,0,1728,0,1305,0,1568,0,1404,0,1671,1,1923,2.91666666666667,0.583333333333333,2635.42857142857
"digk08","F","kinder","school2","school2_kinder","digital","participant",1,4147,1,2314,1,2315,1,2429,1,4778,1,3815,1,3555,1,2294,1,2131,1,2835,1,1989,1,6050,1,2827,1,1442,1,2535,1,1903,1,1810,1,2673,1,1685,1,1362,1,1702,1,1649,1,1386,1,1242,5.73660988086808,1,2536.16666666667
"digk09","F","kinder","school2","school2_kinder","digital","participant",1,5840,1,2515,1,1891,1,1589,0,1456,1,468,1,1764,1,1614,1,1046,1,1721,1,1473,1,1442,1,2282,1,2249,1,1074,1,1362,1,1249,1,1837,1,1519,1,1595,1,1408,1,1250,1,1627,1,1792,6.55456666323673,0.958333333333333,1765.52173913043
"digk10","F","kinder","school2","school2_kinder","digital","participant",1,3326,1,3008,1,2405,1,2154,1,2293,1,2583,1,2320,1,2189,1,2488,1,2612,1,2054,1,3167,1,2539,1,2195,1,1440,1,1834,1,2018,1,1651,1,2051,1,3569,1,1725,1,2044,1,1643,1,1858,5.87566976754289,1,2298.58333333333
"digk11","M","kinder","school2","school2_kinder","digital","participant",1,4779,1,1694,1,2482,1,2175,1,1905,1,1649,1,2876,1,2210,1,1750,1,3984,1,3033,1,6110,0,1606,1,1324,1,3352,1,9719,1,3059,1,2604,1,2307,0,3962,1,3676,1,1632,1,2574,1,2270,5.06103085725726,0.916666666666667,3052.90909090909
"digk12","F","kinder","school2","school2_kinder","digital","participant",1,3526,1,3917,1,2847,1,4074,0,1837,0,1328,1,2038,1,2275,1,2119,1,1973,0,1842,0,1837,0,1737,1,2823,1,3219,1,4082,1,2871,1,1983,1,2021,1,3252,1,2153,1,1803,1,2173,1,2852,3.95833333333333,0.791666666666667,2736.89473684211
"digk13","M","kinder","school2","school2_kinder","digital","participant",1,7962,1,3702,1,45206,1,8453,1,4943,1,1807,1,8427,1,2141,1,920,1,1132,0,13556,0,5801,1,4330,1,1842,1,9999,1,1499,1,1029,1,3732,1,1950,0,1974,0,1386,0,1878,0,33735,0,823,3.54166666666667,0.708333333333333,3991.75
"digk14","M","kinder","school2","school2_kinder","digital","participant",1,3746,1,3598,1,1792,1,2126,0,976,1,1777,1,1225,1,2569,1,1684,1,1115,1,2148,1,1801,1,6172,1,2501,1,2942,1,1674,1,1867,1,973,1,4945,1,1697,1,2014,1,8193,1,1315,1,1752,6.11516859941453,0.958333333333333,2592.4347826087
"digk15","F","kinder","school2","school2_kinder","digital","participant",1,4850,1,821,1,1071,1,838,1,1063,1,1366,1,1054,1,1261,1,1221,1,990,1,1073,1,905,1,1886,1,1089,0,1042,0,2059,1,8344,1,2208,1,1143,1,1305,1,1262,0,1613,1,5560,1,1156,7.03620127951322,0.875,1926.95238095238
"digk16","M","kinder","school2","school2_kinder","digital","participant",1,2874,1,1665,1,3263,1,3424,1,1714,1,1620,0,16818,1,1576,1,1798,1,2541,1,1258,1,1212,1,1816,1,1334,1,1080,1,2152,1,2440,1,1799,1,957,0,1979,1,1960,0,2034,1,2644,0,2276,5.59447914178367,0.833333333333333,1956.35
"digk17","F","kinder","school2","school2_kinder","digital","participant",1,5638,1,3729,1,4262,1,3274,1,4032,1,2849,1,3292,1,3628,1,2646,0,1262,0,1138,0,1562,0,782,0,1927,1,1726,1,1928,1,2108,1,2819,1,2917,0,1928,0,1056,0,1598,0,1297,0,1672,2.91666666666667,0.583333333333333,3203.42857142857
"digk18","M","kinder","school2","school2_kinder","digital","participant",1,4395,1,23286,1,3275,1,1332,1,2095,1,3256,0,9225,1,9097,0,1311,1,1388,0,2908,1,395,0,4050,1,1335,0,1714,0,714,0,1079,1,1358,1,968,0,828,1,1185,1,4315,0,2604,0,2063,2.91666666666667,0.583333333333333,2645.69230769231
"digk19","M","kinder","school2","school2_kinder","digital","participant",1,2984,1,5739,1,3218,1,2104,1,2482,1,2947,1,2998,1,2837,0,1795,0,1792,0,1837,0,928,0,1087,1,3221,0,2873,1,1876,1,1763,0,1746,0,1439,0,1392,0,1286,0,1082,0,1037,1,2973,2.5,0.5,2928.5
"digk20","F","kinder","school2","school2_kinder","digital","participant",1,2427,1,2536,1,1407,1,1728,1,2750,1,2011,1,1544,1,1663,1,1650,1,1324,1,3143,1,1549,1,2416,1,1842,1,1494,1,1787,1,1784,1,2382,1,1515,1,1393,1,1942,1,1204,1,1179,1,1429,6.59238618766837,1,1837.45833333333
"digk21","M","kinder","school2","school2_kinder","digital","atypical",0,6496,1,10141,0,15248,1,302,0,4467,1,51,0,15785,1,9046,1,1697,1,3405,1,2001,1,2112,0,2861,0,3572,0,1853,0,1775,0,3052,0,3272,0,7459,0,4165,0,9479,0,2008,0,1925,0,2464,1.66666666666667,0.333333333333333,3093.83333333333
"digk22","F","kinder","school2","school2_kinder","digital","participant",1,4189,1,1691,1,1355,1,3480,1,1353,1,1670,1,1732,1,2217,1,2875,1,1910,1,1916,1,1700,1,7318,1,1384,1,1334,1,1127,1,1112,1,1739,1,3359,1,1570,1,1020,1,868,1,4183,1,1964,6.55884843137737,1,2211.08333333333
"digk23","M","kinder","school2","school2_kinder","digital","participant",1,4115,1,2358,1,2004,1,1541,0,1884,1,1245,1,4677,1,2017,1,1238,1,1116,1,1188,1,2488,0,2990,1,3540,1,2817,0,3648,1,4745,1,1729,1,1164,1,976,0,884,1,3040,0,1234,1,1743,3.95833333333333,0.791666666666667,2302.15789473684
"mix501","M","fifth","school3","school3_fifth","mixed","participant",1,2360,1,931,1,835,1,1568,1,859,1,745,0,715,1,1268,1,1351,1,1374,1,1004,1,1011,0,1809,1,4940,1,1278,1,1562,1,1617,1,1786,1,2116,1,1363,1,838,1,828,1,912,1,1476,6.88597478061368,0.916666666666667,1455.54545454545
"mix502","F","fifth","school3","school3_fifth","mixed","participant",1,3274,1,2847,1,2194,1,1938,1,1542,1,1289,1,1287,1,1146,1,1083,1,1038,1,893,1,952,1,1239,1,1837,0,1290,1,1028,1,1365,1,1004,1,1038,1,1039,1,1382,1,1287,1,1982,1,1882,7.15330720656216,0.958333333333333,1502.86956521739
"mix503","F","fifth","school3","school3_fifth","mixed","participant",1,997,1,843,1,891,0,672,1,1007,1,823,1,848,1,493,1,874,1,868,1,599,1,965,1,2367,1,1114,0,888,1,994,1,635,0,840,1,852,1,964,0,970,1,1137,0,1167,0,897,3.75,0.75,959.5
"mix504","F","fifth","school3","school3_fifth","mixed","participant",1,2578,1,1464,1,1794,1,1595,1,1533,1,1658,1,1143,1,1317,1,1409,1,1624,1,1463,1,1431,1,1488,1,1536,1,1093,1,1150,1,1391,1,1284,1,1203,1,1651,1,1169,1,1434,1,1531,1,1704,7.00300730607426,1,1485.125
"mix505","F","fifth","school3","school3_fifth","mixed","participant",1,1936,1,1218,1,974,1,970,1,1013,1,1181,1,977,1,1078,1,953,1,985,1,1102,1,1080,1,6816,1,1091,1,1550,1,894,1,1533,1,1157,1,1217,1,1254,1,1186,1,1052,1,1152,1,1257,7.73209956588726,1,1401.08333333333
"mix506","M","fifth","school3","school3_fifth","mixed","rejected",NA,NA,NA,NA,NA,NA,NA,NA,NA,NA,NA,NA,NA,NA,NA,NA,NA,NA,NA,NA,NA,NA,NA,NA,NA,NA,NA,NA,NA,NA,NA,NA,NA,NA,NA,NA,NA,NA,NA,NA,NA,NA,NA,NA,NA,NA,NA,NA,NA,NA,NA
"mix507","M","fifth","school3","school3_fifth","mixed","participant",1,2070,1,1075,1,988,1,1580,1,1025,1,1543,1,1207,1,1737,1,1292,1,1018,1,1707,0,863,1,3272,1,1584,1,1232,0,1674,1,3270,1,1247,1,1288,0,1351,0,3585,0,6659,0,2409,1,13515,3.75,0.75,1596.17647058824
"mix508","F","fifth","school3","school3_fifth","mixed","participant",1,6877,1,2566,1,3256,1,3795,1,1466,1,1409,1,1893,1,6368,1,1364,1,6690,1,2370,0,5486,0,4440,0,3096,1,7968,0,6330,1,7320,0,4824,1,4906,1,3927,0,7050,1,2801,1,2288,1,2104,3.75,0.75,3853.77777777778
"mix509","F","fifth","school3","school3_fifth","mixed","participant",1,10134,1,2544,1,2468,1,2031,1,4075,1,1600,1,2077,1,1781,1,1482,1,1540,1,1426,1,1284,1,2064,1,1419,1,1280,1,1506,1,1538,1,1474,1,2594,1,1324,1,1643,1,2021,1,1414,1,1313,6.86082418900195,1,1821.65217391304
"mix510","M","fifth","school3","school3_fifth","mixed","participant",1,4989,1,1698,1,2015,1,1970,1,1909,1,1543,1,1228,1,1521,1,1647,1,1366,1,1341,1,1497,1,2078,1,1324,1,1760,1,2032,1,2778,1,2838,1,2299,1,1759,1,1252,1,1700,1,1312,1,1422,6.58663162032366,1,1886.58333333333
"mix511","M","fifth","school3","school3_fifth","mixed","participant",1,1388,1,2289,1,1433,1,1327,1,1246,1,1527,1,1397,1,1651,1,1152,1,1075,1,973,1,1100,1,2039,1,1210,1,1140,1,1383,1,2206,1,1482,1,1735,1,1486,1,1331,1,1529,1,1260,1,1197,7.15584518071517,1,1439.83333333333
"mix512","M","fifth","school3","school3_fifth","mixed","rejected",NA,NA,NA,NA,NA,NA,NA,NA,NA,NA,NA,NA,NA,NA,NA,NA,NA,NA,NA,NA,NA,NA,NA,NA,NA,NA,NA,NA,NA,NA,NA,NA,NA,NA,NA,NA,NA,NA,NA,NA,NA,NA,NA,NA,NA,NA,NA,NA,NA,NA,NA
"mix513","M","fifth","school3","school3_fifth","mixed","participant",1,1515,1,1330,1,925,1,790,1,1273,1,906,1,894,1,815,1,1051,1,822,1,878,1,1451,1,1240,1,804,1,655,1,662,1,534,1,575,1,611,1,620,1,651,1,641,1,597,1,625,8.65548729343935,1,869.375
"mix514","M","fifth","school3","school3_fifth","mixed","participant",1,4382,1,3488,1,2384,1,2184,1,2083,1,1874,1,1938,1,1628,1,1038,1,1398,1,1732,0,1028,1,1982,1,1823,1,1164,1,1021,0,928,0,722,1,1083,1,1028,1,1093,1,1923,1,1742,1,1238,5.89188443558775,0.875,1820.28571428571
"mix515","F","fifth","school3","school3_fifth","mixed","participant",1,2999,1,5075,1,1390,1,1240,1,1409,1,1097,1,1379,1,1035,1,1594,1,1184,1,1679,1,1294,1,3952,1,1137,1,1508,1,1578,1,2651,1,1117,1,1018,1,1376,1,1090,1,1535,1,1807,1,2861,7.12778911396865,1,1791.875
"mix516","F","fifth","school3","school3_fifth","mixed","participant",1,1370,1,1508,1,1450,1,1479,1,892,1,1129,1,1141,1,846,1,760,1,1128,1,950,1,1292,1,1321,1,730,1,1721,1,986,1,975,1,1294,1,791,1,662,1,759,1,749,1,900,1,867,8.12068930350246,1,1070.83333333333
"mix517","M","fifth","school3","school3_fifth","mixed","participant",1,1448,1,3371,1,1454,1,864,1,826,1,986,1,867,1,876,1,709,1,733,1,840,1,1518,1,1699,1,845,1,790,1,802,1,916,1,872,1,973,1,1185,1,1045,1,964,1,859,1,947,8.37218018218691,1,1099.54166666667
"mix518","M","fifth","school3","school3_fifth","mixed","participant",1,3533,1,2529,1,2371,1,2511,1,2459,1,1515,1,1612,1,1504,1,2181,1,2848,1,1205,1,2148,1,2279,1,1931,1,1563,1,935,1,1138,1,849,1,1623,1,2321,1,750,1,1028,1,1455,1,1637,6.70232747287296,1,1830.20833333333
"mix519","M","fifth","school3","school3_fifth","mixed","rejected",NA,NA,NA,NA,NA,NA,NA,NA,NA,NA,NA,NA,NA,NA,NA,NA,NA,NA,NA,NA,NA,NA,NA,NA,NA,NA,NA,NA,NA,NA,NA,NA,NA,NA,NA,NA,NA,NA,NA,NA,NA,NA,NA,NA,NA,NA,NA,NA,NA,NA,NA
"mix520","F","fifth","school3","school3_fifth","mixed","participant",1,1805,1,1405,1,1155,1,993,1,946,1,897,1,1313,1,1136,1,1055,1,1173,1,1196,1,1346,1,1281,0,1240,1,2001,0,1448,0,1309,1,1290,1,966,1,1514,1,1186,1,829,1,963,1,1086,6.99546255405404,0.875,1216
"mix521","F","fifth","school3","school3_fifth","mixed","participant",1,2399,1,1137,1,989,1,929,1,1191,1,1370,1,963,1,946,1,906,1,919,1,1806,1,751,0,2250,1,1680,1,1202,1,1021,1,1144,1,1166,1,1112,1,865,1,1017,1,1108,1,849,1,1203,7.57121302165858,0.958333333333333,1159.69565217391
"mix522","F","fifth","school3","school3_fifth","mixed","participant",1,1687,1,2641,1,1573,1,1880,1,1970,1,2720,1,1761,1,2324,1,1892,1,2298,1,1649,1,1502,1,1739,1,1368,1,1567,1,1789,1,1833,1,1336,1,1380,1,1436,1,1514,1,1672,1,1475,1,1731,6.57025508780229,1,1780.70833333333
"mixk01","F","kinder","school3","school3_kinder","mixed","participant",1,10248,1,1687,1,876,1,1281,1,4848,1,1034,1,1162,1,6270,0,1246,0,1074,1,2273,1,1640,1,3153,1,1192,0,2913,1,778,1,4852,1,3108,1,12424,1,5047,1,1862,1,1084,1,1268,1,1396,6.06025981640881,0.875,2358.47368421053
"mixk02","F","kinder","school3","school3_kinder","mixed","participant",1,7408,1,1826,1,1503,1,2043,1,2198,1,2197,1,1954,1,2132,1,1834,1,2815,1,2191,1,2037,1,1820,1,1370,1,1181,1,1140,1,1268,1,1203,1,1000,1,1439,1,1357,1,1317,1,1028,1,1472,6.64891407023001,1,1905.54166666667
"mixk03","F","kinder","school3","school3_kinder","mixed","participant",1,2601,0,1799,1,1889,1,2568,1,1740,1,2278,1,2005,1,5172,1,1466,1,2296,1,4143,0,1315,1,4599,1,1761,1,1751,1,2121,1,1863,1,1617,1,31356,1,1777,1,1168,1,1076,1,1681,1,961,5.91282036892834,0.916666666666667,2215.85714285714
"mixk04","M","kinder","school3","school3_kinder","mixed","participant",1,6877,1,2566,1,3256,1,3795,1,1466,1,1409,1,1893,1,6368,1,1364,1,6690,1,2370,0,5486,0,4440,0,3096,1,7968,0,6330,1,7320,0,4824,1,4906,1,3927,0,7050,1,2801,1,2288,1,2104,3.75,0.75,3853.77777777778
"mixk05","M","kinder","school3","school3_kinder","mixed","participant",1,4923,1,2646,1,1798,1,1292,1,1532,1,1195,0,834,1,2407,1,1475,1,1425,1,1163,1,1323,1,2242,1,1291,1,1004,1,1629,1,2130,1,870,1,1016,1,881,0,2261,0,1270,1,4710,1,1592,6.35616519284309,0.875,1835.42857142857
"mixk06","F","kinder","school3","school3_kinder","mixed","participant",1,10516,1,2635,1,15127,1,2335,1,1633,1,3896,1,2289,1,2081,1,2273,1,1915,1,2198,1,2473,1,4009,1,1884,1,1825,1,1495,1,1551,1,1771,1,1779,1,2178,1,2210,1,2249,1,2701,1,1976,5.88076666965895,1,2243.45454545455
"mixk07","M","kinder","school3","school3_kinder","mixed","participant",1,4437,1,2149,1,1621,1,3172,1,1488,1,2070,1,2665,1,3726,1,2661,1,2798,1,1940,1,1884,1,7001,1,2781,1,1646,1,2024,1,1578,1,1571,1,1268,1,1748,1,5039,1,1460,1,2654,1,3335,5.98272491965,1,2613.16666666667
"mixk08","M","kinder","school3","school3_kinder","mixed","participant",1,9878,1,12656,1,3968,1,13289,0,1790,1,2767,1,5172,1,5729,1,3952,1,2670,1,7828,1,2781,1,4873,1,2251,0,1164,1,3230,1,2351,1,1108,0,862,1,2068,1,3213,1,956,1,2065,1,2309,4.5865287088421,0.875,3640.47368421053
"mixk09","F","kinder","school3","school3_kinder","mixed","rejected",NA,NA,NA,NA,NA,NA,NA,NA,NA,NA,NA,NA,NA,NA,NA,NA,NA,NA,NA,NA,NA,NA,NA,NA,NA,NA,NA,NA,NA,NA,NA,NA,NA,NA,NA,NA,NA,NA,NA,NA,NA,NA,NA,NA,NA,NA,NA,NA,NA,NA,NA
"mixk10","M","kinder","school3","school3_kinder","mixed","participant",1,5852,1,2158,1,1866,1,3293,1,1942,1,2922,1,3957,1,5508,1,2051,1,5844,1,4888,1,1721,1,6843,0,4830,1,2244,0,5551,1,3594,1,2713,1,9986,1,1420,1,4518,1,2217,1,1972,1,3870,4.6198483895487,0.916666666666667,3699.04545454545
"mixk11","M","kinder","school3","school3_kinder","mixed","participant",1,4641,1,2365,1,2125,1,2361,1,2193,1,2108,1,1743,1,2460,1,2181,1,2010,1,1497,1,1570,1,3329,1,1601,1,1565,1,1957,1,2285,0,1564,0,9066,1,2761,1,1612,1,1674,1,1710,1,1895,5.63367481913728,0.916666666666667,2165.59090909091
"mixk12","M","kinder","school3","school3_kinder","mixed","participant",1,7043,1,2901,1,2965,1,2091,1,1695,1,1636,1,2054,0,2055,1,2652,1,2402,1,2441,1,2269,1,4491,1,3476,1,1859,1,1789,1,1443,1,3915,1,1763,1,1769,0,1475,1,1798,0,3452,1,2485,5.1543263762985,0.875,2616.04761904762
"mixk13","F","kinder","school3","school3_kinder","mixed","participant",1,13500,1,2638,0,1785,1,3896,1,1547,1,1910,1,1483,1,2239,1,1625,1,1478,1,1430,1,1108,1,3957,1,4766,1,1538,1,1217,1,1466,1,3570,1,891,1,1821,1,1203,1,1012,1,1360,1,2131,6.64796441001638,0.958333333333333,2013
"mixk14","M","kinder","school3","school3_kinder","mixed","participant",1,4365,1,2662,0,1241,1,1679,1,1370,1,1147,1,1993,1,1278,1,964,1,1186,1,890,1,1176,1,1613,1,1269,1,1162,1,1642,1,1230,1,892,1,972,1,925,1,1179,0,883,1,1314,1,872,7.12174935618095,0.916666666666667,1444.54545454545
"mixk15","F","kinder","school3","school3_kinder","mixed","participant",0,3100,1,2978,0,4898,1,4617,1,1384,0,2585,1,1356,1,2106,1,3187,0,2539,0,2372,0,2002,1,2046,1,1148,1,1007,1,1006,1,1527,0,995,1,1180,1,3121,1,7684,1,5991,1,906,1,1062,3.54166666666667,0.708333333333333,2488.58823529412
"mixk16","F","kinder","school3","school3_kinder","mixed","participant",1,1850,1,2318,1,2570,1,2288,1,5058,1,1090,1,1984,1,2221,1,2918,1,2572,1,2140,1,1533,1,2996,0,3118,1,3143,1,2896,1,1972,1,3090,0,3459,1,5136,1,1323,1,4532,1,1816,1,2505,5.1926878027569,0.916666666666667,2634.13636363636
"mixk17","M","kinder","school3","school3_kinder","mixed","atypical",1,9096,1,4153,1,7276,1,3324,1,3530,1,7051,1,1828,1,2463,1,1639,1,1888,1,2553,1,1808,1,3926,1,2204,1,2908,1,1933,1,2552,1,4809,1,1856,1,1436,1,2704,1,1369,1,1210,1,2474,5.494304713185,1,3166.25
"mixk18","M","kinder","school3","school3_kinder","mixed","atypical",1,8394,1,7362,1,7294,1,6720,1,6284,1,6251,1,5938,1,4938,1,5376,1,5632,0,4328,0,3928,1,4928,1,3911,1,3928,1,3217,1,4827,1,3938,1,2984,1,2846,1,2837,1,2948,1,2197,1,2394,4.58333333333333,0.916666666666667,4779.27272727273
"mixk19","F","kinder","school3","school3_kinder","mixed","participant",1,5757,1,2736,1,7289,1,2715,1,2352,1,3616,1,3652,1,2546,1,5027,1,2381,1,2779,1,6276,1,4178,1,4872,1,2124,1,3077,1,1958,1,2044,1,1610,1,2008,1,1818,1,2145,1,1768,1,1645,5.36678568953235,1,3182.20833333333
"mixk20","M","kinder","school3","school3_kinder","mixed","atypical",0,8382,0,3628,1,5629,1,7827,1,6855,1,8327,1,7693,1,6503,1,8473,1,6383,1,7462,0,3284,0,7362,1,7483,1,4532,1,6483,1,7472,0,3832,0,3272,0,2827,0,2174,0,1637,0,839,0,839,2.70833333333333,0.541666666666667,7009.38461538462
"mixk21","F","kinder","school3","school3_kinder","mixed","participant",1,9440,1,40596,1,12702,1,3252,1,3276,1,2243,1,1469,1,1816,1,1186,1,938,1,1918,1,1692,1,6253,1,2038,1,1797,1,1497,1,1779,1,1348,1,1467,1,1386,1,1362,1,1090,1,1208,1,1536,6.72985473068945,1,2272.31818181818
"mixk22","M","kinder","school3","school3_kinder","mixed","participant",1,2848,1,2018,1,1494,1,1662,1,1984,1,2747,1,2001,1,1704,1,2428,1,2997,1,2487,1,2349,1,4104,1,1159,1,2646,1,3075,1,3263,0,4211,0,2154,0,1020,0,2312,0,3097,0,1266,0,1878,3.54166666666667,0.708333333333333,2409.76470588235
"mixk23","F","kinder","school3","school3_kinder","mixed","participant",1,7402,1,3233,1,3292,1,1762,1,1629,1,4109,1,2089,1,1585,1,2657,1,1490,1,1440,1,2324,1,7599,1,2471,1,1594,1,2382,1,2312,1,1955,1,3370,1,1832,1,1493,1,1915,1,1636,1,1586,6.10094344370845,1,2631.54166666667
"mixk24","F","kinder","school3","school3_kinder","mixed","participant",1,3171,1,3103,1,1875,1,2133,1,2355,1,2806,1,2612,1,5897,1,5148,1,2889,1,5005,1,2297,1,4284,1,2149,1,2413,1,2985,1,3670,0,4356,1,3525,1,2252,1,6055,1,2541,1,2756,1,17593,4.93725225788273,0.958333333333333,3269.13636363636
"mixk25","F","kinder","school3","school3_kinder","mixed","participant",1,4869,1,1757,1,1428,1,2050,1,1637,1,1042,1,1033,1,1149,0,1495,1,1381,1,982,0,1161,1,2087,1,1608,1,2751,1,1327,1,1554,1,5328,1,1672,0,979,1,2148,1,1335,1,1822,1,2707,6.06536916138104,0.875,1984.14285714286
"mixk26","F","kinder","school3","school3_kinder","mixed","participant",1,5114,1,2473,1,3609,1,1246,1,911,1,1199,1,4031,1,1222,1,1572,1,1753,1,1064,1,1606,0,2073,0,1622,0,897,1,3435,1,1853,1,1190,1,941,1,1336,1,1951,1,1721,1,2357,1,1769,5.92572927193214,0.875,2016.80952380952
"mixk27","F","kinder","school3","school3_kinder","mixed","participant",1,2858,1,1894,1,1824,1,2513,1,3339,1,2376,1,1289,1,1475,1,1354,1,1563,1,1847,1,1346,1,2334,1,2350,1,3312,1,1842,1,1835,1,1496,1,1318,1,1675,1,1335,1,2243,1,1505,1,4358,6.36642857291521,1,2053.375
"mixk28","M","kinder","school3","school3_kinder","mixed","participant",0,1163,1,2837,1,2928,1,3927,0,983,1,2982,1,2627,1,2682,1,2873,1,2179,1,2964,1,2613,0,1427,0,2185,0,1726,0,1056,0,1327,0,962,0,828,0,1737,1,2726,1,4282,0,1286,1,1264,2.70833333333333,0.541666666666667,2837.23076923077
"ppr501","F","fifth","school1","school1_fifth","paper","participant",1,3401,1,2379,1,1565,1,1215,1,1180,1,960,1,1191,1,1188,1,1742,1,1415,1,1298,1,1077,1,2157,1,1025,1,1070,1,1030,1,1697,1,1045,1,2008,1,1520,1,1016,1,1255,1,1298,1,1021,7.47673120703682,1,1448.04166666667
"ppr502","F","fifth","school1","school1_fifth","paper","rejected",NA,NA,NA,NA,NA,NA,NA,NA,NA,NA,NA,NA,NA,NA,NA,NA,NA,NA,NA,NA,NA,NA,NA,NA,NA,NA,NA,NA,NA,NA,NA,NA,NA,NA,NA,NA,NA,NA,NA,NA,NA,NA,NA,NA,NA,NA,NA,NA,NA,NA,NA
"ppr503","M","fifth","school1","school1_fifth","paper","participant",1,3057,1,2913,1,1235,1,1202,1,2727,1,1642,1,1584,1,1711,1,1163,1,1343,1,1234,1,2204,1,1542,1,1395,1,1284,1,1191,1,1224,1,1286,1,1279,0,1403,1,2336,1,1595,1,2121,1,1276,6.92844307707592,0.958333333333333,1675.82608695652
"ppr504","F","fifth","school1","school1_fifth","paper","participant",1,1543,1,1226,1,805,1,929,1,831,1,727,1,847,1,821,1,961,1,1003,1,635,1,1040,0,2408,0,1824,1,1366,1,1044,1,1151,1,905,1,817,1,849,1,903,1,865,1,942,1,1155,7.89086460566541,0.916666666666667,971.136363636364
"ppr505","F","fifth","school1","school1_fifth","paper","participant",1,1480,1,3145,1,1032,1,1263,1,1042,1,1068,1,922,1,1246,1,945,1,925,1,910,1,1154,1,2115,1,946,1,982,1,830,1,753,1,1052,1,1013,1,1378,1,904,1,872,0,2182,1,820,7.82135921761301,0.958333333333333,1165.08695652174
"ppr506","F","fifth","school1","school1_fifth","paper","participant",1,1818,1,1151,1,739,1,818,1,764,1,757,1,977,1,780,1,737,1,797,1,891,1,865,1,1609,1,865,1,755,1,715,1,739,1,819,1,874,1,863,1,742,1,882,1,911,1,1604,8.54895824333279,1,936.333333333333
"ppr507","M","fifth","school1","school1_fifth","paper","participant",1,2031,1,1949,1,1852,1,1134,1,1057,1,802,1,1559,1,962,1,950,1,992,1,1103,1,947,1,3015,1,1010,1,1020,1,1321,0,1119,1,1447,1,1571,1,2051,1,1816,1,1511,1,2424,1,1299,7.08054326314783,0.958333333333333,1470.5652173913
"ppr508","F","fifth","school1","school1_fifth","paper","participant",1,2592,1,1961,1,2115,1,1578,1,2041,1,1885,1,1868,1,1753,1,1446,1,1731,1,1580,1,1596,1,3004,1,1708,1,1547,1,1783,1,1470,1,2905,1,1692,1,1333,1,1457,1,1314,1,1408,1,1356,6.58498963549679,1,1796.79166666667
"ppr509","F","fifth","school1","school1_fifth","paper","participant",1,1802,1,1126,1,1062,1,1002,1,1031,1,907,1,1408,1,1219,1,1280,1,1201,1,1103,1,1120,1,1936,1,999,1,955,1,974,1,1027,1,1031,1,1365,1,1096,1,1301,1,1186,1,1955,1,1095,7.77074532407458,1,1215.875
"ppr510","M","fifth","school1","school1_fifth","paper","participant",1,2667,1,986,1,870,1,1063,1,1017,1,2084,0,14,1,3179,1,1692,1,3175,1,1913,1,936,1,195,1,1580,1,1467,1,1077,1,2030,1,1265,1,1874,1,2524,1,1298,1,2197,1,2155,1,1985,6.38981931304508,0.958333333333333,1705.60869565217
"ppr511","M","fifth","school1","school1_fifth","paper","participant",1,2089,1,2812,1,3665,0,1677,1,2495,1,1368,1,1104,1,2807,1,1379,1,2141,1,2096,1,1258,1,2009,0,990,1,1803,1,1511,1,1120,1,1707,1,904,1,1305,0,897,1,2718,1,1040,1,1300,5.94852271479481,0.875,1839.57142857143
"ppr512","M","fifth","school1","school1_fifth","paper","rejected",NA,NA,NA,NA,NA,NA,NA,NA,NA,NA,NA,NA,NA,NA,NA,NA,NA,NA,NA,NA,NA,NA,NA,NA,NA,NA,NA,NA,NA,NA,NA,NA,NA,NA,NA,NA,NA,NA,NA,NA,NA,NA,NA,NA,NA,NA,NA,NA,NA,NA,NA
"ppr513","F","fifth","school1","school1_fifth","paper","participant",1,1393,1,1878,1,1279,1,1341,1,1077,1,1229,1,946,1,963,1,841,1,660,1,1090,1,1007,1,2852,1,1164,1,1448,1,894,1,1090,1,956,1,941,1,1746,1,1225,1,1562,1,1108,1,1283,7.70990326839888,1,1248.875
"ppr514","M","fifth","school1","school1_fifth","paper","participant",1,1780,1,2119,1,1402,1,1066,1,1291,1,1286,1,1730,1,1932,1,1355,1,2691,1,1132,1,1034,1,1878,0,1211,1,3870,1,1334,1,1154,1,1180,1,1173,1,1143,1,2320,1,1136,1,1445,0,1906,6.82300362871932,0.916666666666667,1611.40909090909
"ppr515","M","fifth","school1","school1_fifth","paper","participant",1,3371,1,1747,1,1343,1,2155,1,1279,1,1331,1,1330,1,1728,1,1213,1,1183,1,1673,1,1186,1,2878,1,2412,1,1402,1,1336,1,1281,1,1372,1,1379,1,1091,1,1152,1,1629,1,1335,1,1130,7.25006730120134,1,1580.66666666667
"ppr516","F","fifth","school1","school1_fifth","paper","rejected",NA,NA,NA,NA,NA,NA,NA,NA,NA,NA,NA,NA,NA,NA,NA,NA,NA,NA,NA,NA,NA,NA,NA,NA,NA,NA,NA,NA,NA,NA,NA,NA,NA,NA,NA,NA,NA,NA,NA,NA,NA,NA,NA,NA,NA,NA,NA,NA,NA,NA,NA
"ppr517","M","fifth","school1","school1_fifth","paper","participant",0,6960,1,5958,1,2085,1,1340,1,1541,1,2184,1,2483,1,2088,1,1396,1,1643,1,1374,1,895,1,1401,1,1197,1,2076,1,1653,1,2568,1,3646,1,1429,1,1481,1,1468,1,1464,1,2377,1,1826,6.47182647593051,0.958333333333333,1981.4347826087
"ppr518","M","fifth","school1","school1_fifth","paper","participant",1,1393,1,1088,1,921,1,2279,1,1648,1,1319,1,1146,1,1307,1,1461,1,1171,1,1088,1,1099,1,3088,1,1685,1,1272,1,975,1,960,1,698,1,694,1,702,1,841,1,891,1,718,1,908,7.81630638728599,1,1223
"ppr519","F","fifth","school1","school1_fifth","paper","participant",1,2717,1,2960,1,2263,1,1602,1,1405,0,1105,1,1192,1,1438,1,1325,1,1107,1,1016,1,1348,1,1866,1,1639,1,1519,1,1450,1,1854,1,1365,1,1952,1,1850,1,1393,1,1217,1,1363,1,1402,6.84372510977363,0.958333333333333,1619.26086956522
"ppr520","F","fifth","school1","school1_fifth","paper","participant",1,2076,1,1845,1,1712,1,1300,1,1199,1,1315,1,1119,1,970,1,1399,1,1198,1,1364,1,2120,1,2191,1,1521,1,1893,1,1887,1,1430,1,2593,1,2072,1,3381,1,4015,1,1763,1,1405,1,1769,6.52410242443592,1,1814.04166666667
"ppr521","M","fifth","school1","school1_fifth","paper","participant",1,4090,1,1596,1,1163,1,1242,1,1108,1,1196,1,1639,1,1340,1,1401,1,1796,1,1080,1,1158,1,2928,1,1091,1,1064,0,1310,1,3115,1,2540,1,1168,1,898,1,1143,1,853,0,1291,1,1000,7.18246671501843,0.916666666666667,1573.13636363636
"ppr522","M","fifth","school1","school1_fifth","paper","participant",0,3510,1,1282,1,1962,1,1080,1,1385,1,1452,1,3082,1,1043,1,1768,1,1488,1,818,1,907,1,5503,1,2998,1,899,1,849,1,803,1,943,1,874,1,908,1,1599,0,1365,0,1239,0,2241,6.76816192164787,0.833333333333333,1582.15
"ppr523","M","fifth","school1","school1_fifth","paper","participant",1,6877,1,2566,1,3256,1,3795,1,1466,1,1409,1,1893,1,6368,1,1364,1,6690,1,2370,0,5486,0,4440,0,3096,1,7968,0,6330,1,7320,0,4824,1,4906,1,3927,0,7050,1,2801,1,2288,1,2104,3.75,0.75,3853.77777777778
"ppr524","M","fifth","school1","school1_fifth","paper","participant",1,3697,1,9342,1,1672,1,1111,1,1194,1,1414,1,1698,1,1169,1,1022,1,1358,1,1370,1,1185,1,2279,1,1218,1,1940,1,1522,1,1102,1,1645,1,1702,1,1320,1,2718,1,1100,1,1000,1,1132,7.19948810870919,1,1871.25
"ppr525","F","fifth","school1","school1_fifth","paper","participant",1,1851,1,692,1,834,0,734,1,1770,1,972,1,1224,1,1558,1,770,1,806,1,986,1,730,1,1657,1,621,1,1043,1,1633,1,1258,1,862,1,1805,1,1435,1,831,1,944,1,1176,1,866,7.89674642808967,0.958333333333333,1144.52173913043
"ppr526","M","fifth","school1","school1_fifth","paper","participant",1,2181,1,1151,1,1036,1,976,1,909,1,1429,1,914,1,1547,1,1156,1,982,1,1037,1,886,1,3224,1,1128,1,1152,1,985,1,644,1,892,1,485,1,914,1,675,1,822,1,1103,1,919,8.11216418546854,1,1131.125
"ppr527","M","fifth","school1","school1_fifth","paper","participant",1,1555,1,1350,1,1165,1,1147,1,929,1,836,1,742,1,1078,1,638,1,587,1,452,1,697,0,1271,1,1322,1,749,1,492,1,540,1,3557,1,1045,1,1219,1,1232,1,873,1,1103,1,914,8.06291721387726,0.958333333333333,1053.13043478261
"ppr528","F","fifth","school1","school1_fifth","paper","rejected",NA,NA,NA,NA,NA,NA,NA,NA,NA,NA,NA,NA,NA,NA,NA,NA,NA,NA,NA,NA,NA,NA,NA,NA,NA,NA,NA,NA,NA,NA,NA,NA,NA,NA,NA,NA,NA,NA,NA,NA,NA,NA,NA,NA,NA,NA,NA,NA,NA,NA,NA
"ppr529","F","fifth","school1","school1_fifth","paper","rejected",NA,NA,NA,NA,NA,NA,NA,NA,NA,NA,NA,NA,NA,NA,NA,NA,NA,NA,NA,NA,NA,NA,NA,NA,NA,NA,NA,NA,NA,NA,NA,NA,NA,NA,NA,NA,NA,NA,NA,NA,NA,NA,NA,NA,NA,NA,NA,NA,NA,NA,NA
"ppr530","F","fifth","school1","school1_fifth","paper","participant",1,3223,1,2277,1,1538,1,1829,1,1520,1,1313,1,1325,1,1464,1,1535,1,1970,1,1494,1,1341,1,2049,1,1153,1,1146,1,1215,1,1628,1,1426,1,1490,1,1465,1,1032,1,1076,1,1194,1,1092,7.00110119047231,1,1533.125
"ppr531","M","fifth","school1","school1_fifth","paper","participant",1,2395,1,1613,1,1449,1,1270,1,1530,1,1000,1,879,1,968,1,970,1,820,1,1236,1,959,1,1940,1,1223,1,1570,1,1287,1,1070,1,935,1,1090,1,979,1,994,1,867,1,917,1,1067,7.88084564535835,1,1209.5
"ppr532","F","fifth","school1","school1_fifth","paper","participant",1,1382,1,1337,1,1152,1,889,1,1071,1,988,1,1099,1,1070,1,3984,1,13159,0,1057,1,1468,1,1625,1,1135,1,1007,1,3052,1,2941,1,970,1,1693,1,4011,1,737,1,1018,1,1218,1,993,7.48320693965586,0.958333333333333,1583.63636363636
"ppr533","M","fifth","school1","school1_fifth","paper","participant",0,1967,1,2099,0,1182,1,3555,1,1212,0,1200,1,2044,1,2541,1,997,1,1056,0,1134,0,1295,1,8143,1,1016,1,1493,1,1622,0,1479,1,3076,1,986,0,1506,1,1039,1,1940,1,1114,1,972,3.54166666666667,0.708333333333333,2053.23529411765
"ppr534","F","fifth","school1","school1_fifth","paper","rejected",NA,NA,NA,NA,NA,NA,NA,NA,NA,NA,NA,NA,NA,NA,NA,NA,NA,NA,NA,NA,NA,NA,NA,NA,NA,NA,NA,NA,NA,NA,NA,NA,NA,NA,NA,NA,NA,NA,NA,NA,NA,NA,NA,NA,NA,NA,NA,NA,NA,NA,NA
"ppr535","M","fifth","school1","school1_fifth","paper","participant",1,2600,1,1660,1,1850,1,1686,1,2048,1,1277,1,1241,1,1464,1,1194,1,1135,1,1101,1,1045,1,3425,1,1482,1,1255,1,1442,1,1299,1,1312,1,1410,1,1332,1,1218,1,1376,1,1314,1,1167,7.28465488140553,1,1513.875
"ppr536","M","fifth","school1","school1_fifth","paper","participant",1,2179,1,3228,1,1831,1,1767,1,1100,1,974,1,1727,1,1441,1,1380,1,1504,1,1680,1,1400,1,2497,1,2939,1,1547,1,2277,1,2142,1,1615,1,1233,1,1277,1,1499,1,1443,1,1283,1,1373,6.88722335533376,1,1722.33333333333
"ppr537","F","fifth","school1","school1_fifth","paper","rejected",NA,NA,NA,NA,NA,NA,NA,NA,NA,NA,NA,NA,NA,NA,NA,NA,NA,NA,NA,NA,NA,NA,NA,NA,NA,NA,NA,NA,NA,NA,NA,NA,NA,NA,NA,NA,NA,NA,NA,NA,NA,NA,NA,NA,NA,NA,NA,NA,NA,NA,NA
"ppr538","F","fifth","school1","school1_fifth","paper","rejected",NA,NA,NA,NA,NA,NA,NA,NA,NA,NA,NA,NA,NA,NA,NA,NA,NA,NA,NA,NA,NA,NA,NA,NA,NA,NA,NA,NA,NA,NA,NA,NA,NA,NA,NA,NA,NA,NA,NA,NA,NA,NA,NA,NA,NA,NA,NA,NA,NA,NA,NA
"pprk01","M","kinder","school1","school1_kinder","paper","atypical",1,1634,1,2867,1,1847,1,2045,1,1883,1,2104,1,2135,1,1871,1,1597,1,1476,1,1142,1,1478,0,4096,0,2895,0,1438,0,1628,1,4284,1,7261,1,2634,1,1963,0,1839,1,2938,0,1729,0,1384,3.54166666666667,0.708333333333333,2421.11764705882
"pprk02","F","kinder","school1","school1_kinder","paper","participant",1,2569,0,1037,1,5984,1,1926,1,1770,1,1543,1,1540,1,1870,1,1634,1,1848,1,903,1,1055,1,4051,1,1780,1,2244,1,2804,1,3637,1,2733,1,2692,1,1462,1,1433,1,1079,1,2411,1,3006,6.11068818132694,0.958333333333333,2259.73913043478
"pprk03","F","kinder","school1","school1_kinder","paper","participant",1,2959,1,2173,1,2385,1,1769,1,2172,1,2324,1,2149,1,1530,1,2128,1,2026,1,1804,1,2323,1,2183,1,1387,0,2048,1,3790,1,1900,1,1524,1,1474,1,1528,1,1834,1,2516,1,2126,1,1743,5.75264947340668,0.958333333333333,2075.95652173913
"pprk04","M","kinder","school1","school1_kinder","paper","participant",1,2151,1,2497,1,1675,1,1430,1,1251,1,1917,1,1718,1,1673,1,2011,1,1477,1,1968,1,1554,1,1921,0,1450,1,2142,1,1712,1,2786,1,1756,1,1385,1,2259,1,1746,1,1496,1,1440,1,2089,6.30215074822674,0.958333333333333,1828.4347826087
"pprk05","M","kinder","school1","school1_kinder","paper","participant",1,2004,1,2892,1,1022,1,1304,1,2248,1,1320,1,2002,1,1033,1,2276,1,1170,1,1305,1,999,1,1825,1,850,1,1397,1,1891,0,1581,1,1605,1,1250,1,1036,1,822,1,981,1,1022,1,1084,7.11668807571385,0.958333333333333,1449.47826086957
"pprk06","F","kinder","school1","school1_kinder","paper","participant",1,3479,1,2459,1,1223,0,1290,1,1096,1,1648,1,988,1,1479,1,1797,1,1697,1,2525,0,1740,1,2794,1,2120,1,1344,1,1575,1,2596,1,1023,1,1675,1,1242,1,1328,1,1025,1,1139,1,1219,6.46781413008491,0.916666666666667,1703.22727272727
"pprk07","M","kinder","school1","school1_kinder","paper","participant",1,2563,1,5425,1,4097,1,1953,1,1534,1,1773,1,1207,1,1418,1,1318,1,1408,1,1182,1,1237,1,3439,1,2203,1,3675,1,3309,1,2039,1,1629,1,1499,1,1362,1,2361,1,2231,1,1982,1,1106,6.32948703559501,1,2164.58333333333
"pprk08","F","kinder","school1","school1_kinder","paper","participant",1,2327,1,1495,1,1601,1,4562,1,11980,1,1671,1,1457,1,1764,1,1750,1,1136,1,1141,1,1625,1,2919,1,1576,1,1643,1,2087,1,3386,1,1836,1,1271,1,1114,1,1279,1,1749,1,1859,1,1970,6.63300389674226,1,1879.04347826087
"pprk09","M","kinder","school1","school1_kinder","paper","participant",1,2576,1,3261,1,2263,1,2803,1,2499,1,3131,1,2240,1,1458,1,1686,1,1884,1,1176,1,2666,1,4854,1,2311,0,4976,1,1662,1,1806,0,1351,1,2459,1,1528,0,3879,1,2223,1,2536,0,3797,4.92394290348315,0.833333333333333,2351.1
"pprk10","M","kinder","school1","school1_kinder","paper","rejected",NA,NA,NA,NA,NA,NA,NA,NA,NA,NA,NA,NA,NA,NA,NA,NA,NA,NA,NA,NA,NA,NA,NA,NA,NA,NA,NA,NA,NA,NA,NA,NA,NA,NA,NA,NA,NA,NA,NA,NA,NA,NA,NA,NA,NA,NA,NA,NA,NA,NA,NA
"pprk11","F","kinder","school1","school1_kinder","paper","rejected",NA,NA,NA,NA,NA,NA,NA,NA,NA,NA,NA,NA,NA,NA,NA,NA,NA,NA,NA,NA,NA,NA,NA,NA,NA,NA,NA,NA,NA,NA,NA,NA,NA,NA,NA,NA,NA,NA,NA,NA,NA,NA,NA,NA,NA,NA,NA,NA,NA,NA,NA
"pprk12","M","kinder","school1","school1_kinder","paper","participant",1,2493,1,2335,1,2158,1,1747,1,1742,1,1686,1,1234,1,2214,1,2090,1,2331,0,1785,1,2872,1,4493,1,2009,1,2221,1,2132,1,3050,1,3202,1,2138,1,1511,1,1474,1,2301,1,1932,1,1648,5.73694275389504,0.958333333333333,2217.95652173913
"pprk13","M","kinder","school1","school1_kinder","paper","participant",1,17097,1,57795,1,30436,1,10539,1,4191,1,1404,1,1292,0,953,1,4847,1,23144,1,3058,1,2115,0,13329,1,36306,1,5563,1,3036,1,2669,1,2463,1,1685,1,2327,1,1872,1,2718,1,2968,1,2774,4.88407354813485,0.916666666666667,2811.375
"pprk14","M","kinder","school1","school1_kinder","paper","participant",1,11118,0,2375,1,5792,1,12162,1,7855,1,2252,1,4110,1,4285,1,2104,1,1587,1,2327,1,2266,1,6779,1,9893,1,6825,1,2777,1,4466,1,1629,1,6222,0,1561,1,4607,1,3073,1,2163,0,2631,4.375,0.875,4263.78947368421
"pprk15","M","kinder","school1","school1_kinder","paper","participant",0,7380,0,1988,1,12232,1,6016,1,3355,1,2133,1,3428,1,3262,1,2568,1,2068,1,1920,1,1975,0,4684,0,3283,0,3392,0,4538,0,3939,0,3290,0,1956,0,2461,0,1946,0,2076,0,1734,0,3632,2.08333333333333,0.416666666666667,2969.44444444444
"pprk16","F","kinder","school1","school1_kinder","paper","participant",1,4432,1,1629,1,2309,1,1707,1,3011,1,1960,1,2517,1,1930,1,1751,1,1670,1,1782,1,2568,1,1846,1,1615,1,1704,1,1447,1,2042,1,1817,1,1877,1,1857,1,2735,1,1485,1,2936,1,2416,6.32350193274787,1,2126.79166666667
"pprk17","F","kinder","school1","school1_kinder","paper","participant",1,5376,1,7205,1,3251,1,1352,1,1536,1,1202,1,1203,1,1364,1,1169,1,1209,1,1411,1,1294,1,3041,1,1139,1,1412,1,1587,1,1739,1,2163,1,2316,1,1583,1,1238,1,1263,1,1097,1,2281,7.10396354227594,1,2017.95833333333
"pprk18","F","kinder","school1","school1_kinder","paper","participant",1,5374,1,1417,1,1180,1,1051,1,1085,1,1492,1,1129,1,1180,1,988,1,892,1,1032,1,1134,1,2047,1,2145,1,973,1,1452,1,1017,0,1146,1,1860,1,1188,1,1259,1,2298,1,1450,1,1020,7.39552579568398,0.958333333333333,1507.08695652174
"pprk19","F","kinder","school1","school1_kinder","paper","participant",1,24898,1,3134,1,2492,1,2685,1,1688,1,3207,1,2632,1,3614,1,2194,1,2095,1,2115,1,2260,1,2439,1,2359,1,1542,1,1962,1,1262,1,2489,1,1757,1,1862,1,1406,1,2173,1,1296,1,1386,5.89996339612694,1,2176.04347826087
